Workbook

Sheet Instrucciones
A1: RIFA LOLO — cómo usar esta planilla
A3: 1. Subí este archivo a Google Drive y abrilo con Google Sheets (Archivo > Guardar como Hojas de cálculo de Google).
A4: 2. Cada vez que alguien pide números, agregá UNA fila en 'Reservas': Nombre, Teléfono, Números (como quieras: '030 y 199', '7, 77'), Monto.
A5: 3. Columna Pagado: vacía o 'Sí' = cobrado (vendido). Poné 'No' si reservó pero todavía no pagó (sale amarillo en la web).
A6: 4. Donaciones sin número: anotalas igual en Reservas con la columna Números vacía. Suman al recaudado.
A7: 5. Las celdas amarillas claritas son las que se completan a mano. Lo demás es automático: no pintes nada.
A8: 6. Publicá SOLO las pestañas 'Publico' y 'Resumen': Archivo > Compartir > Publicar en la web > elegí la pestaña > Valores separados por comas (.csv) > Publicar. Copiá los dos links.
A9: NUNCA publiques 'Reservas' ni el documento entero: ahí están nombres y teléfonos.
A10: 7. En 'Resumen' completá alias, titular, fecha del sorteo, lotería, etc. La web lee esos datos, no hace falta tocar código.
A11: 8. La pestaña 'Grilla' te muestra los colores para vos, y 'Control' te avisa si anotaste un número dos veces.
A13: Filas resaltadas en amarillo fuerte en Reservas: en la captura el texto estaba cortado. Reemplazalas con tus datos reales.
A14: Google tarda unos minutos en actualizar el CSV publicado: la web se actualiza con esa demora.

Sheet Reservas
A1: Nombre | B1: Telefono | C1: Numeros | D1: Monto | E1: Pagado | F1: Fecha | G1: Clave (auto)
A2: Noelia Sikora | C2: 030 y 199 | D2: 7000 | G2: =IF(C2="","",","&SUBSTITUTE(SUBSTITUTE(SUBSTITUTE(SUBSTITUTE(SUBSTITUTE(SUBSTITUTE(TRIM(C2)," y ",","),"y",",")," ",","),".",","),"/",","),"-",",")&",") -> ,030,199,
A3: Maxi Arias | C3: 011 y 033 | D3: 7000 | G3: =IF(C3="","",","&SUBSTITUTE(SUBSTITUTE(SUBSTITUTE(SUBSTITUTE(SUBSTITUTE(SUBSTITUTE(TRIM(C3)," y ",","),"y",",")," ",","),".",","),"/",","),"-",",")&",") -> ,011,033,
A4: Eugenia Gomez | C4: 005 y 111 | D4: 7000 | G4: =IF(C4="","",","&SUBSTITUTE(SUBSTITUTE(SUBSTITUTE(SUBSTITUTE(SUBSTITUTE(SUBSTITUTE(TRIM(C4)," y ",","),"y",",")," ",","),".",","),"/",","),"-",",")&",") -> ,005,111,
A5: Daniel Martinez | C5: 01, 68, 74, 107 | D5: 35000 | G5: =IF(C5="","",","&SUBSTITUTE(SUBSTITUTE(SUBSTITUTE(SUBSTITUTE(SUBSTITUTE(SUBSTITUTE(TRIM(C5)," y ",","),"y",",")," ",","),".",","),"/",","),"-",",")&",") -> ,01,,68,,74,,107,
A6: Valeria Domb. | C6: 7, 77, 177, 197 | D6: 14000 | G6: =IF(C6="","",","&SUBSTITUTE(SUBSTITUTE(SUBSTITUTE(SUBSTITUTE(SUBSTITUTE(SUBSTITUTE(TRIM(C6)," y ",","),"y",",")," ",","),".",","),"/",","),"-",",")&",") -> ,7,,77,,177,,197,
A7: Agustina Arias | C7: 83, 121 | D7: 7000 | G7: =IF(C7="","",","&SUBSTITUTE(SUBSTITUTE(SUBSTITUTE(SUBSTITUTE(SUBSTITUTE(SUBSTITUTE(TRIM(C7)," y ",","),"y",",")," ",","),".",","),"/",","),"-",",")&",") -> ,83,,121,
A8: Valen Arias | C8: 13, 15, 49, 93 | D8: 14000 | G8: =IF(C8="","",","&SUBSTITUTE(SUBSTITUTE(SUBSTITUTE(SUBSTITUTE(SUBSTITUTE(SUBSTITUTE(TRIM(C8)," y ",","),"y",",")," ",","),".",","),"/",","),"-",",")&",") -> ,13,,15,,49,,93,
A9: Stella Gutiérrez | C9: 28 y 112 | D9: 7000 | G9: =IF(C9="","",","&SUBSTITUTE(SUBSTITUTE(SUBSTITUTE(SUBSTITUTE(SUBSTITUTE(SUBSTITUTE(TRIM(C9)," y ",","),"y",",")," ",","),".",","),"/",","),"-",",")&",") -> ,28,112,
A10: Andrea Gutiérrez | C10: 12 y 14 | D10: 7000 | G10: =IF(C10="","",","&SUBSTITUTE(SUBSTITUTE(SUBSTITUTE(SUBSTITUTE(SUBSTITUTE(SUBSTITUTE(TRIM(C10)," y ",","),"y",",")," ",","),".",","),"/",","),"-",",")&",") -> ,12,14,
A11: Stella Vallejos | C11: 21 y 75 | D11: 7000 | G11: =IF(C11="","",","&SUBSTITUTE(SUBSTITUTE(SUBSTITUTE(SUBSTITUTE(SUBSTITUTE(SUBSTITUTE(TRIM(C11)," y ",","),"y",",")," ",","),".",","),"/",","),"-",",")&",") -> ,21,75,
A12: Julia Casal | C12: 048 y 122 | D12: 7000 | G12: =IF(C12="","",","&SUBSTITUTE(SUBSTITUTE(SUBSTITUTE(SUBSTITUTE(SUBSTITUTE(SUBSTITUTE(TRIM(C12)," y ",","),"y",",")," ",","),".",","),"/",","),"-",",")&",") -> ,048,122,
A13: Fiamma Gutiérrez | C13: 8 | D13: 4000 | G13: =IF(C13="","",","&SUBSTITUTE(SUBSTITUTE(SUBSTITUTE(SUBSTITUTE(SUBSTITUTE(SUBSTITUTE(TRIM(C13)," y ",","),"y",",")," ",","),".",","),"/",","),"-",",")&",") -> ,8,
A14: Luciano Gomez | C14: 10, 22, 80, 88 | D14: 30000 | G14: =IF(C14="","",","&SUBSTITUTE(SUBSTITUTE(SUBSTITUTE(SUBSTITUTE(SUBSTITUTE(SUBSTITUTE(TRIM(C14)," y ",","),"y",",")," ",","),".",","),"/",","),"-",",")&",") -> ,10,,22,,80,,88,
G15: =IF(C15="","",","&SUBSTITUTE(SUBSTITUTE(SUBSTITUTE(SUBSTITUTE(SUBSTITUTE(SUBSTITUTE(TRIM(C15)," y ",","),"y",",")," ",","),".",","),"/",","),"-",",")&",")
G16: =IF(C16="","",","&SUBSTITUTE(SUBSTITUTE(SUBSTITUTE(SUBSTITUTE(SUBSTITUTE(SUBSTITUTE(TRIM(C16)," y ",","),"y",",")," ",","),".",","),"/",","),"-",",")&",")
G17: =IF(C17="","",","&SUBSTITUTE(SUBSTITUTE(SUBSTITUTE(SUBSTITUTE(SUBSTITUTE(SUBSTITUTE(TRIM(C17)," y ",","),"y",",")," ",","),".",","),"/",","),"-",",")&",")
G18: =IF(C18="","",","&SUBSTITUTE(SUBSTITUTE(SUBSTITUTE(SUBSTITUTE(SUBSTITUTE(SUBSTITUTE(TRIM(C18)," y ",","),"y",",")," ",","),".",","),"/",","),"-",",")&",")
G19: =IF(C19="","",","&SUBSTITUTE(SUBSTITUTE(SUBSTITUTE(SUBSTITUTE(SUBSTITUTE(SUBSTITUTE(TRIM(C19)," y ",","),"y",",")," ",","),".",","),"/",","),"-",",")&",")
G20: =IF(C20="","",","&SUBSTITUTE(SUBSTITUTE(SUBSTITUTE(SUBSTITUTE(SUBSTITUTE(SUBSTITUTE(TRIM(C20)," y ",","),"y",",")," ",","),".",","),"/",","),"-",",")&",")
G21: =IF(C21="","",","&SUBSTITUTE(SUBSTITUTE(SUBSTITUTE(SUBSTITUTE(SUBSTITUTE(SUBSTITUTE(TRIM(C21)," y ",","),"y",",")," ",","),".",","),"/",","),"-",",")&",")
G22: =IF(C22="","",","&SUBSTITUTE(SUBSTITUTE(SUBSTITUTE(SUBSTITUTE(SUBSTITUTE(SUBSTITUTE(TRIM(C22)," y ",","),"y",",")," ",","),".",","),"/",","),"-",",")&",")
G23: =IF(C23="","",","&SUBSTITUTE(SUBSTITUTE(SUBSTITUTE(SUBSTITUTE(SUBSTITUTE(SUBSTITUTE(TRIM(C23)," y ",","),"y",",")," ",","),".",","),"/",","),"-",",")&",")
G24: =IF(C24="","",","&SUBSTITUTE(SUBSTITUTE(SUBSTITUTE(SUBSTITUTE(SUBSTITUTE(SUBSTITUTE(TRIM(C24)," y ",","),"y",",")," ",","),".",","),"/",","),"-",",")&",")
G25: =IF(C25="","",","&SUBSTITUTE(SUBSTITUTE(SUBSTITUTE(SUBSTITUTE(SUBSTITUTE(SUBSTITUTE(TRIM(C25)," y ",","),"y",",")," ",","),".",","),"/",","),"-",",")&",")
G26: =IF(C26="","",","&SUBSTITUTE(SUBSTITUTE(SUBSTITUTE(SUBSTITUTE(SUBSTITUTE(SUBSTITUTE(TRIM(C26)," y ",","),"y",",")," ",","),".",","),"/",","),"-",",")&",")
... G501: =IF(C501="","",","&SUBSTITUTE(SUBSTITUTE(SUBSTITUTE(SUBSTITUTE(SUBSTITUTE(SUBSTITUTE(TRIM(C501)," y ",","),"y",",")," ",","),".",","),"/",","),"-",",")&",")

Sheet Publico
A1: numero | B1: estado
A2: 1 | B2: =IF(COUNTIFS(Reservas!$G$2:$G$501,"*,"&A2&",*",Reservas!$E$2:$E$501,"<>No")+COUNTIFS(Reservas!$G$2:$G$501,"*,"&TEXT(A2,"00")&",*",Reservas!$E$2:$E$501,"<>No")+COUNTIFS(Reservas!$G$2:$G$501,"*,"&TEXT(A2,"000")&",*",Reservas!$E$2:$E$501,"<>No")>0,"vendido",IF(COUNTIF(Reservas!$G$2:$G$501,"*,"&A2&",*")+COUNTIF(Reservas!$G$2:$G$501,"*,"&TEXT(A2,"00")&",*")+COUNTIF(Reservas!$G$2:$G$501,"*,"&TEXT(A2,"000")&",*")>0,"reservado","disponible")) -> vendido
A3: 2 | B3: =IF(COUNTIFS(Reservas!$G$2:$G$501,"*,"&A3&",*",Reservas!$E$2:$E$501,"<>No")+COUNTIFS(Reservas!$G$2:$G$501,"*,"&TEXT(A3,"00")&",*",Reservas!$E$2:$E$501,"<>No")+COUNTIFS(Reservas!$G$2:$G$501,"*,"&TEXT(A3,"000")&",*",Reservas!$E$2:$E$501,"<>No")>0,"vendido",IF(COUNTIF(Reservas!$G$2:$G$501,"*,"&A3&",*")+COUNTIF(Reservas!$G$2:$G$501,"*,"&TEXT(A3,"00")&",*")+COUNTIF(Reservas!$G$2:$G$501,"*,"&TEXT(A3,"000")&",*")>0,"reservado","disponible")) -> disponible
A4: 3 | B4: =IF(COUNTIFS(Reservas!$G$2:$G$501,"*,"&A4&",*",Reservas!$E$2:$E$501,"<>No")+COUNTIFS(Reservas!$G$2:$G$501,"*,"&TEXT(A4,"00")&",*",Reservas!$E$2:$E$501,"<>No")+COUNTIFS(Reservas!$G$2:$G$501,"*,"&TEXT(A4,"000")&",*",Reservas!$E$2:$E$501,"<>No")>0,"vendido",IF(COUNTIF(Reservas!$G$2:$G$501,"*,"&A4&",*")+COUNTIF(Reservas!$G$2:$G$501,"*,"&TEXT(A4,"00")&",*")+COUNTIF(Reservas!$G$2:$G$501,"*,"&TEXT(A4,"000")&",*")>0,"reservado","disponible")) -> disponible
A5: 4 | B5: =IF(COUNTIFS(Reservas!$G$2:$G$501,"*,"&A5&",*",Reservas!$E$2:$E$501,"<>No")+COUNTIFS(Reservas!$G$2:$G$501,"*,"&TEXT(A5,"00")&",*",Reservas!$E$2:$E$501,"<>No")+COUNTIFS(Reservas!$G$2:$G$501,"*,"&TEXT(A5,"000")&",*",Reservas!$E$2:$E$501,"<>No")>0,"vendido",IF(COUNTIF(Reservas!$G$2:$G$501,"*,"&A5&",*")+COUNTIF(Reservas!$G$2:$G$501,"*,"&TEXT(A5,"00")&",*")+COUNTIF(Reservas!$G$2:$G$501,"*,"&TEXT(A5,"000")&",*")>0,"reservado","disponible")) -> disponible
A6: 5 | B6: =IF(COUNTIFS(Reservas!$G$2:$G$501,"*,"&A6&",*",Reservas!$E$2:$E$501,"<>No")+COUNTIFS(Reservas!$G$2:$G$501,"*,"&TEXT(A6,"00")&",*",Reservas!$E$2:$E$501,"<>No")+COUNTIFS(Reservas!$G$2:$G$501,"*,"&TEXT(A6,"000")&",*",Reservas!$E$2:$E$501,"<>No")>0,"vendido",IF(COUNTIF(Reservas!$G$2:$G$501,"*,"&A6&",*")+COUNTIF(Reservas!$G$2:$G$501,"*,"&TEXT(A6,"00")&",*")+COUNTIF(Reservas!$G$2:$G$501,"*,"&TEXT(A6,"000")&",*")>0,"reservado","disponible")) -> vendido
A7: 6 | B7: =IF(COUNTIFS(Reservas!$G$2:$G$501,"*,"&A7&",*",Reservas!$E$2:$E$501,"<>No")+COUNTIFS(Reservas!$G$2:$G$501,"*,"&TEXT(A7,"00")&",*",Reservas!$E$2:$E$501,"<>No")+COUNTIFS(Reservas!$G$2:$G$501,"*,"&TEXT(A7,"000")&",*",Reservas!$E$2:$E$501,"<>No")>0,"vendido",IF(COUNTIF(Reservas!$G$2:$G$501,"*,"&A7&",*")+COUNTIF(Reservas!$G$2:$G$501,"*,"&TEXT(A7,"00")&",*")+COUNTIF(Reservas!$G$2:$G$501,"*,"&TEXT(A7,"000")&",*")>0,"reservado","disponible")) -> disponible
A8: 7 | B8: =IF(COUNTIFS(Reservas!$G$2:$G$501,"*,"&A8&",*",Reservas!$E$2:$E$501,"<>No")+COUNTIFS(Reservas!$G$2:$G$501,"*,"&TEXT(A8,"00")&",*",Reservas!$E$2:$E$501,"<>No")+COUNTIFS(Reservas!$G$2:$G$501,"*,"&TEXT(A8,"000")&",*",Reservas!$E$2:$E$501,"<>No")>0,"vendido",IF(COUNTIF(Reservas!$G$2:$G$501,"*,"&A8&",*")+COUNTIF(Reservas!$G$2:$G$501,"*,"&TEXT(A8,"00")&",*")+COUNTIF(Reservas!$G$2:$G$501,"*,"&TEXT(A8,"000")&",*")>0,"reservado","disponible")) -> vendido
A9: 8 | B9: =IF(COUNTIFS(Reservas!$G$2:$G$501,"*,"&A9&",*",Reservas!$E$2:$E$501,"<>No")+COUNTIFS(Reservas!$G$2:$G$501,"*,"&TEXT(A9,"00")&",*",Reservas!$E$2:$E$501,"<>No")+COUNTIFS(Reservas!$G$2:$G$501,"*,"&TEXT(A9,"000")&",*",Reservas!$E$2:$E$501,"<>No")>0,"vendido",IF(COUNTIF(Reservas!$G$2:$G$501,"*,"&A9&",*")+COUNTIF(Reservas!$G$2:$G$501,"*,"&TEXT(A9,"00")&",*")+COUNTIF(Reservas!$G$2:$G$501,"*,"&TEXT(A9,"000")&",*")>0,"reservado","disponible")) -> vendido
A10: 9 | B10: =IF(COUNTIFS(Reservas!$G$2:$G$501,"*,"&A10&",*",Reservas!$E$2:$E$501,"<>No")+COUNTIFS(Reservas!$G$2:$G$501,"*,"&TEXT(A10,"00")&",*",Reservas!$E$2:$E$501,"<>No")+COUNTIFS(Reservas!$G$2:$G$501,"*,"&TEXT(A10,"000")&",*",Reservas!$E$2:$E$501,"<>No")>0,"vendido",IF(COUNTIF(Reservas!$G$2:$G$501,"*,"&A10&",*")+COUNTIF(Reservas!$G$2:$G$501,"*,"&TEXT(A10,"00")&",*")+COUNTIF(Reservas!$G$2:$G$501,"*,"&TEXT(A10,"000")&",*")>0,"reservado","disponible")) -> disponible
A11: 10 | B11: =IF(COUNTIFS(Reservas!$G$2:$G$501,"*,"&A11&",*",Reservas!$E$2:$E$501,"<>No")+COUNTIFS(Reservas!$G$2:$G$501,"*,"&TEXT(A11,"00")&",*",Reservas!$E$2:$E$501,"<>No")+COUNTIFS(Reservas!$G$2:$G$501,"*,"&TEXT(A11,"000")&",*",Reservas!$E$2:$E$501,"<>No")>0,"vendido",IF(COUNTIF(Reservas!$G$2:$G$501,"*,"&A11&",*")+COUNTIF(Reservas!$G$2:$G$501,"*,"&TEXT(A11,"00")&",*")+COUNTIF(Reservas!$G$2:$G$501,"*,"&TEXT(A11,"000")&",*")>0,"reservado","disponible")) -> vendido
A12: 11 | B12: =IF(COUNTIFS(Reservas!$G$2:$G$501,"*,"&A12&",*",Reservas!$E$2:$E$501,"<>No")+COUNTIFS(Reservas!$G$2:$G$501,"*,"&TEXT(A12,"00")&",*",Reservas!$E$2:$E$501,"<>No")+COUNTIFS(Reservas!$G$2:$G$501,"*,"&TEXT(A12,"000")&",*",Reservas!$E$2:$E$501,"<>No")>0,"vendido",IF(COUNTIF(Reservas!$G$2:$G$501,"*,"&A12&",*")+COUNTIF(Reservas!$G$2:$G$501,"*,"&TEXT(A12,"00")&",*")+COUNTIF(Reservas!$G$2:$G$501,"*,"&TEXT(A12,"000")&",*")>0,"reservado","disponible")) -> vendido
A13: 12 | B13: =IF(COUNTIFS(Reservas!$G$2:$G$501,"*,"&A13&",*",Reservas!$E$2:$E$501,"<>No")+COUNTIFS(Reservas!$G$2:$G$501,"*,"&TEXT(A13,"00")&",*",Reservas!$E$2:$E$501,"<>No")+COUNTIFS(Reservas!$G$2:$G$501,"*,"&TEXT(A13,"000")&",*",Reservas!$E$2:$E$501,"<>No")>0,"vendido",IF(COUNTIF(Reservas!$G$2:$G$501,"*,"&A13&",*")+COUNTIF(Reservas!$G$2:$G$501,"*,"&TEXT(A13,"00")&",*")+COUNTIF(Reservas!$G$2:$G$501,"*,"&TEXT(A13,"000")&",*")>0,"reservado","disponible")) -> vendido
... A201: 200 | B201: =IF(COUNTIFS(Reservas!$G$2:$G$501,"*,"&A201&",*",Reservas!$E$2:$E$501,"<>No")+COUNTIFS(Reservas!$G$2:$G$501,"*,"&TEXT(A201,"00")&",*",Reservas!$E$2:$E$501,"<>No")+COUNTIFS(Reservas!$G$2:$G$501,"*,"&TEXT(A201,"000")&",*",Reservas!$E$2:$E$501,"<>No")>0,"vendido",IF(COUNTIF(Reservas!$G$2:$G$501,"*,"&A201&",*")+COUNTIF(Reservas!$G$2:$G$501,"*,"&TEXT(A201,"00")&",*")+COUNTIF(Reservas!$G$2:$G$501,"*,"&TEXT(A201,"000")&",*")>0,"reservado","disponible")) -> disponible

Sheet Resumen
A1: clave | B1: valor | C1: nota
A2: recaudado | B2: =SUMIF(Reservas!$E$2:$E$501,"<>No",Reservas!$D$2:$D$501) -> 153000 | C2: Automático: suma de montos cobrados
A3: pendiente | B3: =SUMIF(Reservas!$E$2:$E$501,"No",Reservas!$D$2:$D$501) -> 0 | C3: Automático: reservado sin pagar
A4: objetivo | B4: 700000 | C4: Editable: costo de la cirugía
A5: vendidos | B5: =COUNTIF(Publico!$B$2:$B$201,"vendido") -> 33 | C5: Automático
A6: reservados | B6: =COUNTIF(Publico!$B$2:$B$201,"reservado") -> 0 | C6: Automático
A7: disponibles | B7: =COUNTIF(Publico!$B$2:$B$201,"disponible") -> 167 | C7: Automático
A8: ultima_reserva | B8: =IF(MAX(Reservas!$F$2:$F$501)=0,"",TEXT(MAX(Reservas!$F$2:$F$501),"yyyy-mm-dd hh:mm")) | C8: Automático: fecha más reciente de la columna Fecha
A9: precio_numero | B9: 3500 | C9: Editable: precio de un número
A10: precio_par | B10: 7000 | C10: Editable: precio de dos números
A11: alias | B11: COMPLETAR.ALIAS | C11: Editable: tu alias para transferir
A12: titular | B12: COMPLETAR NOMBRE | C12: Editable: titular de la cuenta del alias
A13: whatsapp | B13: 5491134940534 | C13: Editable: formato internacional sin + ni espacios
A14: instagram | B14: soylolo_m | C14: Editable
A15: fecha_sorteo | B15: A confirmar | C15: Editable
A16: loteria | B16: A confirmar | C16: Editable: ej. Quiniela Nacional nocturna
A17: estado_rifa | B17: activa | C17: Editable: activa / cerrada / sorteada
A18: numero_ganador_1 | C18: Editable: completar después del sorteo
A19: numero_ganador_2 | C19: Editable
A20: numero_ganador_3 | C20: Editable
A21: texto_legal | C21: Editable: autorización de la rifa, si corresponde

Sheet Grilla
A1: Grilla automática: se pinta sola según Reservas. No hace falta pintar a mano.
A3: 1 | B3: 2 | C3: 3 | D3: 4 | E3: 5 | F3: 6 | G3: 7 | H3: 8 | I3: 9 | J3: 10 | M3: Vendido (pagado)
A4: 11 | B4: 12 | C4: 13 | D4: 14 | E4: 15 | F4: 16 | G4: 17 | H4: 18 | I4: 19 | J4: 20 | M4: Reservado (Pagado = No)
A5: 21 | B5: 22 | C5: 23 | D5: 24 | E5: 25 | F5: 26 | G5: 27 | H5: 28 | I5: 29 | J5: 30 | M5: Disponible
A6: 31 | B6: 32 | C6: 33 | D6: 34 | E6: 35 | F6: 36 | G6: 37 | H6: 38 | I6: 39 | J6: 40
A7: 41 | B7: 42 | C7: 43 | D7: 44 | E7: 45 | F7: 46 | G7: 47 | H7: 48 | I7: 49 | J7: 50
A8: 51 | B8: 52 | C8: 53 | D8: 54 | E8: 55 | F8: 56 | G8: 57 | H8: 58 | I8: 59 | J8: 60
A9: 61 | B9: 62 | C9: 63 | D9: 64 | E9: 65 | F9: 66 | G9: 67 | H9: 68 | I9: 69 | J9: 70
A10: 71 | B10: 72 | C10: 73 | D10: 74 | E10: 75 | F10: 76 | G10: 77 | H10: 78 | I10: 79 | J10: 80
A11: 81 | B11: 82 | C11: 83 | D11: 84 | E11: 85 | F11: 86 | G11: 87 | H11: 88 | I11: 89 | J11: 90
A12: 91 | B12: 92 | C12: 93 | D12: 94 | E12: 95 | F12: 96 | G12: 97 | H12: 98 | I12: 99 | J12: 100
A13: 101 | B13: 102 | C13: 103 | D13: 104 | E13: 105 | F13: 106 | G13: 107 | H13: 108 | I13: 109 | J13: 110
A14: 111 | B14: 112 | C14: 113 | D14: 114 | E14: 115 | F14: 116 | G14: 117 | H14: 118 | I14: 119 | J14: 120
A15: 121 | B15: 122 | C15: 123 | D15: 124 | E15: 125 | F15: 126 | G15: 127 | H15: 128 | I15: 129 | J15: 130
A16: 131 | B16: 132 | C16: 133 | D16: 134 | E16: 135 | F16: 136 | G16: 137 | H16: 138 | I16: 139 | J16: 140
A17: 141 | B17: 142 | C17: 143 | D17: 144 | E17: 145 | F17: 146 | G17: 147 | H17: 148 | I17: 149 | J17: 150
... A22: 191 | B22: 192 | C22: 193 | D22: 194 | E22: 195 | F22: 196 | G22: 197 | H22: 198 | I22: 199 | J22: 200

Sheet Control
A1: numero | B1: veces anotado | C1: alerta | E1: Números duplicados: | F1: =COUNTIF(B2:B201,">1") -> 0
A2: 1 | B2: =SUMPRODUCT(--((ISNUMBER(SEARCH(","&A2&",",Reservas!$G$2:$G$501)))+(ISNUMBER(SEARCH(","&TEXT(A2,"00")&",",Reservas!$G$2:$G$501)))+(ISNUMBER(SEARCH(","&TEXT(A2,"000")&",",Reservas!$G$2:$G$501)))>0)) -> 1 | C2: =IF(B2>1,"⚠ Número anotado en más de una reserva","") | E2: Números fuera de rango o raros: revisá la columna Clave en Reservas.
A3: 2 | B3: =SUMPRODUCT(--((ISNUMBER(SEARCH(","&A3&",",Reservas!$G$2:$G$501)))+(ISNUMBER(SEARCH(","&TEXT(A3,"00")&",",Reservas!$G$2:$G$501)))+(ISNUMBER(SEARCH(","&TEXT(A3,"000")&",",Reservas!$G$2:$G$501)))>0)) -> 0 | C3: =IF(B3>1,"⚠ Número anotado en más de una reserva","")
A4: 3 | B4: =SUMPRODUCT(--((ISNUMBER(SEARCH(","&A4&",",Reservas!$G$2:$G$501)))+(ISNUMBER(SEARCH(","&TEXT(A4,"00")&",",Reservas!$G$2:$G$501)))+(ISNUMBER(SEARCH(","&TEXT(A4,"000")&",",Reservas!$G$2:$G$501)))>0)) -> 0 | C4: =IF(B4>1,"⚠ Número anotado en más de una reserva","")
A5: 4 | B5: =SUMPRODUCT(--((ISNUMBER(SEARCH(","&A5&",",Reservas!$G$2:$G$501)))+(ISNUMBER(SEARCH(","&TEXT(A5,"00")&",",Reservas!$G$2:$G$501)))+(ISNUMBER(SEARCH(","&TEXT(A5,"000")&",",Reservas!$G$2:$G$501)))>0)) -> 0 | C5: =IF(B5>1,"⚠ Número anotado en más de una reserva","")
A6: 5 | B6: =SUMPRODUCT(--((ISNUMBER(SEARCH(","&A6&",",Reservas!$G$2:$G$501)))+(ISNUMBER(SEARCH(","&TEXT(A6,"00")&",",Reservas!$G$2:$G$501)))+(ISNUMBER(SEARCH(","&TEXT(A6,"000")&",",Reservas!$G$2:$G$501)))>0)) -> 1 | C6: =IF(B6>1,"⚠ Número anotado en más de una reserva","")
A7: 6 | B7: =SUMPRODUCT(--((ISNUMBER(SEARCH(","&A7&",",Reservas!$G$2:$G$501)))+(ISNUMBER(SEARCH(","&TEXT(A7,"00")&",",Reservas!$G$2:$G$501)))+(ISNUMBER(SEARCH(","&TEXT(A7,"000")&",",Reservas!$G$2:$G$501)))>0)) -> 0 | C7: =IF(B7>1,"⚠ Número anotado en más de una reserva","")
A8: 7 | B8: =SUMPRODUCT(--((ISNUMBER(SEARCH(","&A8&",",Reservas!$G$2:$G$501)))+(ISNUMBER(SEARCH(","&TEXT(A8,"00")&",",Reservas!$G$2:$G$501)))+(ISNUMBER(SEARCH(","&TEXT(A8,"000")&",",Reservas!$G$2:$G$501)))>0)) -> 1 | C8: =IF(B8>1,"⚠ Número anotado en más de una reserva","")
A9: 8 | B9: =SUMPRODUCT(--((ISNUMBER(SEARCH(","&A9&",",Reservas!$G$2:$G$501)))+(ISNUMBER(SEARCH(","&TEXT(A9,"00")&",",Reservas!$G$2:$G$501)))+(ISNUMBER(SEARCH(","&TEXT(A9,"000")&",",Reservas!$G$2:$G$501)))>0)) -> 1 | C9: =IF(B9>1,"⚠ Número anotado en más de una reserva","")
A10: 9 | B10: =SUMPRODUCT(--((ISNUMBER(SEARCH(","&A10&",",Reservas!$G$2:$G$501)))+(ISNUMBER(SEARCH(","&TEXT(A10,"00")&",",Reservas!$G$2:$G$501)))+(ISNUMBER(SEARCH(","&TEXT(A10,"000")&",",Reservas!$G$2:$G$501)))>0)) -> 0 | C10: =IF(B10>1,"⚠ Número anotado en más de una reserva","")
A11: 10 | B11: =SUMPRODUCT(--((ISNUMBER(SEARCH(","&A11&",",Reservas!$G$2:$G$501)))+(ISNUMBER(SEARCH(","&TEXT(A11,"00")&",",Reservas!$G$2:$G$501)))+(ISNUMBER(SEARCH(","&TEXT(A11,"000")&",",Reservas!$G$2:$G$501)))>0)) -> 1 | C11: =IF(B11>1,"⚠ Número anotado en más de una reserva","")
A12: 11 | B12: =SUMPRODUCT(--((ISNUMBER(SEARCH(","&A12&",",Reservas!$G$2:$G$501)))+(ISNUMBER(SEARCH(","&TEXT(A12,"00")&",",Reservas!$G$2:$G$501)))+(ISNUMBER(SEARCH(","&TEXT(A12,"000")&",",Reservas!$G$2:$G$501)))>0)) -> 1 | C12: =IF(B12>1,"⚠ Número anotado en más de una reserva","")
A13: 12 | B13: =SUMPRODUCT(--((ISNUMBER(SEARCH(","&A13&",",Reservas!$G$2:$G$501)))+(ISNUMBER(SEARCH(","&TEXT(A13,"00")&",",Reservas!$G$2:$G$501)))+(ISNUMBER(SEARCH(","&TEXT(A13,"000")&",",Reservas!$G$2:$G$501)))>0)) -> 1 | C13: =IF(B13>1,"⚠ Número anotado en más de una reserva","")
A14: 13 | B14: =SUMPRODUCT(--((ISNUMBER(SEARCH(","&A14&",",Reservas!$G$2:$G$501)))+(ISNUMBER(SEARCH(","&TEXT(A14,"00")&",",Reservas!$G$2:$G$501)))+(ISNUMBER(SEARCH(","&TEXT(A14,"000")&",",Reservas!$G$2:$G$501)))>0)) -> 1 | C14: =IF(B14>1,"⚠ Número anotado en más de una reserva","")
... A201: 200 | B201: =SUMPRODUCT(--((ISNUMBER(SEARCH(","&A201&",",Reservas!$G$2:$G$501)))+(ISNUMBER(SEARCH(","&TEXT(A201,"00")&",",Reservas!$G$2:$G$501)))+(ISNUMBER(SEARCH(","&TEXT(A201,"000")&",",Reservas!$G$2:$G$501)))>0)) -> 0 | C201: =IF(B201>1,"⚠ Número anotado en más de una reserva","")
